"0","efa1factor_syntax <- '"
"0"," # EFA Factor Loadings"
"0"," efa(""efa1"")*f1 =~ passing_yards + passing_tds + passing_interceptions + passing_epa + passing_cpoe + "
"0"," rushing_yards + rushing_tds + rushing_epa + receiving_epa + fumbles_lost"
"0","'"
"0",""
"0","efa1factor_fit <- sem("
"0","  efa1factor_syntax,"
"0","  data = nfl_actualStats_team_seasonal_reg,"
"0","  information = ""observed"","
"0","  missing = ""ML"","
"0","  estimator = ""MLR"","
"0","  rotation = ""geomin"","
"0","  bounds = ""standard"","
"0","  meanstructure = TRUE,"
"0","  em.h1.iter.max = 2000000"
"0",")"
"0",""
"0","summary("
"0","  efa1factor_fit,"
"0","  fit.measures = TRUE,"
"0","  standardized = TRUE,"
"0","  rsquare = TRUE"
"0",")"
"1","lavaan 0.6-19 "
"1","ended normally after 38 iterations
"
"1","
"
"1","  "
"1","Estimator                               "
"1"," "
"1","         ML"
"1","
"
"1","  "
"1","Optimization method                     "
"1"," "
"1","     NLMINB"
"1","
"
"1","  "
"1","Number of model parameters              "
"1"," "
"1","         30"
"1","
"
"1","  "
"1","Row rank of the constraints matrix      "
"1"," "
"1","         10"
"1","
"
"1","
"
"1","  "
"1","Rotation method                  "
"1"," "
"1","    GEOMIN OBLIQUE"
"1","
"
"1","  "
"1","Geomin epsilon                   "
"1"," "
"1","             0.001"
"1","
"
"1","  "
"1","Rotation algorithm (rstarts)     "
"1"," "
"1","          GPA (30)"
"1","
"
"1","  "
"1","Standardized metric              "
"1"," "
"1","              TRUE"
"1","
"
"1","  "
"1","Row weights                      "
"1"," "
"1","              None"
"1","
"
"1","
"
"1","  "
"1","Number of observations                     "
"1"," "
"1","     830"
"1","
"
"1","  "
"1","Number of missing patterns                 "
"1"," "
"1","       3"
"1","
"
"1","
"
"1","Model Test User Model:
"
"1","  "
"1","                                           "
"1"," "
"1","Standard"
"1"," "
"1","     Scaled"
"1","
"
"1","  "
"1","Test Statistic                             "
"1"," "
"1","1953.516"
"1"," "
"1","   1551.451"
"1","
"
"1","  "
"1","Degrees of freedom                         "
"1"," "
"1","      35"
"1"," "
"1","         35"
"1","
"
"1","  "
"1","P-value (Chi-square)                       "
"1"," "
"1","   0.000"
"1"," "
"1","      0.000"
"1","
"
"1","  "
"1","Scaling correction factor                  "
"1"," "
"1","        "
"1"," "
"1","      1.259"
"1","
"
"1","  "
"1","  Yuan-Bentler correction (Mplus variant)  "
"1"," "
"1","        "
"1"," "
"1","           "
"1","
"
"1","
Model Test Baseline Model:

"
"1","  "
"1","Test statistic                     "
"1"," "
"1","        4746.952"
"1"," "
"1","   3850.281"
"1","
"
"1","  "
"1","Degrees of freedom                 "
"1"," "
"1","              45"
"1"," "
"1","         45"
"1","
"
"1","  "
"1","P-value                            "
"1"," "
"1","           0.000"
"1"," "
"1","      0.000"
"1","
"
"1","  "
"1","Scaling correction factor          "
"1"," "
"1","                "
"1"," "
"1","      1.233"
"1","
"
"1","
User Model versus Baseline Model:

"
"1","  "
"1","Comparative Fit Index (CFI)                "
"1"," "
"1","   0.592"
"1"," "
"1","      0.601"
"1","
"
"1","  "
"1","Tucker-Lewis Index (TLI)                   "
"1"," "
"1","   0.475"
"1"," "
"1","      0.488"
"1","
"
"1","  "
"1","                                           "
"1"," "
"1","        "
"1"," "
"1","           "
"1","
"
"1","  "
"1","Robust Comparative Fit Index (CFI)         "
"1"," "
"1","        "
"1"," "
"1","      0.608"
"1","
"
"1","  "
"1","Robust Tucker-Lewis Index (TLI)            "
"1"," "
"1","        "
"1"," "
"1","      0.496"
"1","
"
"1","
Loglikelihood and Information Criteria:

"
"1","  "
"1","Loglikelihood user model (H0)          "
"1"," "
"1","  -36367.388"
"1"," "
"1"," -36367.388"
"1","
"
"1","  "
"1","Scaling correction factor              "
"1"," "
"1","            "
"1"," "
"1","      1.111"
"1","
"
"1","  "
"1","    for the MLR correction             "
"1"," "
"1","            "
"1"," "
"1","           "
"1","
"
"1","  "
"1","Loglikelihood unrestricted model (H1)  "
"1"," "
"1","  -35390.630"
"1"," "
"1"," -35390.630"
"1","
"
"1","  "
"1","Scaling correction factor              "
"1"," "
"1","            "
"1"," "
"1","      1.191"
"1","
"
"1","  "
"1","    for the MLR correction             "
"1"," "
"1","            "
"1"," "
"1","           "
"1","
"
"1","  "
"1","                                       "
"1"," "
"1","            "
"1"," "
"1","           "
"1","
"
"1","  "
"1","Akaike (AIC)                           "
"1"," "
"1","   72794.777"
"1"," "
"1","  72794.777"
"1","
"
"1","  "
"1","Bayesian (BIC)                         "
"1"," "
"1","   72936.420"
"1"," "
"1","  72936.420"
"1","
"
"1","  "
"1","Sample-size adjusted Bayesian (SABIC)  "
"1"," "
"1","   72841.150"
"1"," "
"1","  72841.150"
"1","
"
"1","
Root Mean Square Error of Approximation:

"
"1","  "
"1","RMSEA                                      "
"1"," "
"1","   0.257"
"1"," "
"1","      0.228"
"1","
"
"1","  "
"1","90 Percent confidence interval - lower     "
"1"," "
"1","   0.247"
"1"," "
"1","      0.220"
"1","
"
"1","  "
"1","90 Percent confidence interval - upper     "
"1"," "
"1","   0.267"
"1"," "
"1","      0.237"
"1","
"
"1","  "
"1","P-value H_0: RMSEA <= 0.050                "
"1"," "
"1","   0.000"
"1"," "
"1","      0.000"
"1","
"
"1","  "
"1","P-value H_0: RMSEA >= 0.080                "
"1"," "
"1","   1.000"
"1"," "
"1","      1.000"
"1","
"
"1","  "
"1","                                           "
"1"," "
"1","        "
"1"," "
"1","           "
"1","
"
"1","  "
"1","Robust RMSEA                               "
"1"," "
"1","        "
"1"," "
"1","      0.259"
"1","
"
"1","  "
"1","90 Percent confidence interval - lower     "
"1"," "
"1","        "
"1"," "
"1","      0.248"
"1","
"
"1","  "
"1","90 Percent confidence interval - upper     "
"1"," "
"1","        "
"1"," "
"1","      0.271"
"1","
"
"1","  "
"1","P-value H_0: Robust RMSEA <= 0.050         "
"1"," "
"1","        "
"1"," "
"1","      0.000"
"1","
"
"1","  "
"1","P-value H_0: Robust RMSEA >= 0.080         "
"1"," "
"1","        "
"1"," "
"1","      1.000"
"1","
"
"1","
Standardized Root Mean Square Residual:

"
"1","  "
"1","SRMR                                       "
"1"," "
"1","   0.150"
"1"," "
"1","      0.150"
"1","
"
"1","
Parameter Estimates:

"
"1","  "
"1","Standard errors                       "
"1"," "
"1","     Sandwich"
"1","
"
"1","  "
"1","Information bread                     "
"1"," "
"1","     Observed"
"1","
"
"1","  "
"1","Observed information based on         "
"1"," "
"1","      Hessian"
"1","
"
"1","
"
"1",""
"1","Latent Variables"
"1",""
"1",":
"
"1",""
"1","                  "
"1"," Estimate  "
"1","  Std.Err "
"1","  z-value"
"1","  P(>|z|)"
"1","
"
"1","  f1 =~ efa1      "
"1","           "
"1","          "
"1","         "
"1","         "
"1","
"
"1","    passing_yards "
"1","    437.047"
"1","    22.659"
"1","   19.288"
"1","    0.000"
"1","
"
"1","    passing_tds   "
"1","      6.008"
"1","     0.247"
"1","   24.356"
"1","    0.000"
"1","
"
"1","    pssng_ntrcptns"
"1","     -2.226"
"1","     0.183"
"1","  -12.187"
"1","    0.000"
"1","
"
"1","    passing_epa   "
"1","     77.491"
"1","     1.964"
"1","   39.462"
"1","    0.000"
"1","
"
"1","    passing_cpoe  "
"1","      2.644"
"1","     0.111"
"1","   23.923"
"1","    0.000"
"1","
"
"1","    rushing_yards "
"1","     84.898"
"1","    14.131"
"1","    6.008"
"1","    0.000"
"1","
"
"1","    rushing_tds   "
"1","      2.390"
"1","     0.162"
"1","   14.752"
"1","    0.000"
"1","
"
"1","    rushing_epa   "
"1","      9.900"
"1","     0.992"
"1","    9.977"
"1","    0.000"
"1","
"
"1","    receiving_epa "
"1","     54.740"
"1","     3.522"
"1","   15.541"
"1","    0.000"
"1","
"
"1","    fumbles_lost  "
"1","     -0.776"
"1","     0.122"
"1","   -6.374"
"1","    0.000"
"1","
"
"1",""
"1","   Std.lv  "
"1","  Std.all"
"1","
"
"1","           "
"1","         "
"1","
"
"1","    437.047"
"1","    0.712"
"1","
"
"1","      6.008"
"1","    0.803"
"1","
"
"1","     -2.226"
"1","   -0.452"
"1","
"
"1","     77.491"
"1","    1.000"
"1","
"
"1","      2.644"
"1","    0.771"
"1","
"
"1","     84.898"
"1","    0.238"
"1","
"
"1","      2.390"
"1","    0.458"
"1","
"
"1","      9.900"
"1","    0.328"
"1","
"
"1","     54.740"
"1","    0.534"
"1","
"
"1","     -0.776"
"1","   -0.242"
"1","
"
"1","
"
"1",""
"1","Intercepts"
"1",""
"1",":
"
"1",""
"1","                  "
"1"," Estimate  "
"1","  Std.Err "
"1","  z-value"
"1","  P(>|z|)"
"1","
"
"1","   .passing_yards "
"1","   3818.375"
"1","    21.291"
"1","  179.338"
"1","    0.000"
"1","
"
"1","   .passing_tds   "
"1","     23.222"
"1","     0.260"
"1","   89.370"
"1","    0.000"
"1","
"
"1","   .pssng_ntrcptns"
"1","     14.930"
"1","     0.171"
"1","   87.354"
"1","    0.000"
"1","
"
"1","   .passing_epa   "
"1","     14.212"
"1","     2.696"
"1","    5.271"
"1","    0.000"
"1","
"
"1","   .passing_cpoe  "
"1","     -0.097"
"1","     0.130"
"1","   -0.748"
"1","    0.454"
"1","
"
"1","   .rushing_yards "
"1","   1842.735"
"1","    12.378"
"1","  148.866"
"1","    0.000"
"1","
"
"1","   .rushing_tds   "
"1","     13.443"
"1","     0.181"
"1","   74.263"
"1","    0.000"
"1","
"
"1","   .rushing_epa   "
"1","    -27.682"
"1","     1.055"
"1","  -26.240"
"1","    0.000"
"1","
"
"1","   .receiving_epa "
"1","    128.374"
"1","     3.588"
"1","   35.780"
"1","    0.000"
"1","
"
"1","   .fumbles_lost  "
"1","      8.676"
"1","     0.111"
"1","   77.969"
"1","    0.000"
"1","
"
"1",""
"1","   Std.lv  "
"1","  Std.all"
"1","
"
"1","   3818.375"
"1","    6.225"
"1","
"
"1","     23.222"
"1","    3.102"
"1","
"
"1","     14.930"
"1","    3.032"
"1","
"
"1","     14.212"
"1","    0.183"
"1","
"
"1","     -0.097"
"1","   -0.028"
"1","
"
"1","   1842.735"
"1","    5.167"
"1","
"
"1","     13.443"
"1","    2.578"
"1","
"
"1","    -27.682"
"1","   -0.918"
"1","
"
"1","    128.374"
"1","    1.253"
"1","
"
"1","      8.676"
"1","    2.706"
"1","
"
"1","
"
"1",""
"1","Variances"
"1",""
"1",":
"
"1",""
"1","                  "
"1"," Estimate  "
"1","  Std.Err "
"1","  z-value"
"1","  P(>|z|)"
"1","
"
"1","   .pssng_yrd     "
"1"," 185251.466"
"1"," 10331.892"
"1","   17.930"
"1","    0.000"
"1","
"
"1","   .pssng_tds     "
"1","     19.947"
"1","     1.155"
"1","   17.273"
"1","    0.000"
"1","
"
"1","   .pssng_ntr     "
"1","     19.289"
"1","     1.193"
"1","   16.166"
"1","    0.000"
"1","
"
"1","   .passing_p (lb)"
"1","      0.000"
"1","    82.549"
"1","    0.000"
"1","         "
"1","
"
"1","   .passng_cp     "
"1","      4.763"
"1","     0.274"
"1","   17.360"
"1","    0.000"
"1","
"
"1","   .rshng_yrd     "
"1"," 119969.680"
"1","  7134.555"
"1","   16.815"
"1","    0.000"
"1","
"
"1","   .rshng_tds     "
"1","     21.487"
"1","     1.187"
"1","   18.095"
"1","    0.000"
"1","
"
"1","   .rushing_p     "
"1","    811.339"
"1","    43.463"
"1","   18.667"
"1","    0.000"
"1","
"
"1","   .recevng_p     "
"1","   7497.003"
"1","   351.031"
"1","   21.357"
"1","    0.000"
"1","
"
"1","   .fmbls_lst     "
"1","      9.675"
"1","     0.499"
"1","   19.374"
"1","    0.000"
"1","
"
"1","    f1            "
"1","      1.000"
"1","          "
"1","         "
"1","         "
"1","
"
"1",""
"1","   Std.lv  "
"1","  Std.all"
"1","
"
"1"," 185251.466"
"1","    0.492"
"1","
"
"1","     19.947"
"1","    0.356"
"1","
"
"1","     19.289"
"1","    0.796"
"1","
"
"1","      0.000"
"1","    0.000"
"1","
"
"1","      4.763"
"1","    0.405"
"1","
"
"1"," 119969.680"
"1","    0.943"
"1","
"
"1","     21.487"
"1","    0.790"
"1","
"
"1","    811.339"
"1","    0.892"
"1","
"
"1","   7497.003"
"1","    0.714"
"1","
"
"1","      9.675"
"1","    0.941"
"1","
"
"1","      1.000"
"1","    1.000"
"1","
"
"1","
"
"1",""
"1","R-Square"
"1",""
"1",":
"
"1",""
"1","                  "
"1"," Estimate  "
"1","
"
"1","    passing_yards "
"1","      0.508"
"1","
"
"1","    passing_tds   "
"1","      0.644"
"1","
"
"1","    pssng_ntrcptns"
"1","      0.204"
"1","
"
"1","    passing_epa   "
"1","      1.000"
"1","
"
"1","    passing_cpoe  "
"1","      0.595"
"1","
"
"1","    rushing_yards "
"1","      0.057"
"1","
"
"1","    rushing_tds   "
"1","      0.210"
"1","
"
"1","    rushing_epa   "
"1","      0.108"
"1","
"
"1","    receiving_epa "
"1","      0.286"
"1","
"
"1","    fumbles_lost  "
"1","      0.059"
"1","
"
"1","
"
"0","lavaanPlot::lavaanPlot("
"0","  efa1factor_fit,"
"0","  coefs = TRUE,"
"0","  covs = TRUE,"
"0","  stand = TRUE"
"0",")"
